algorithm,lambda,seed,total_cost,total_emission,service_level,total_reward
MAPPO_zeroshot,0.05,2000,10354.4429,12791.141718753532,0.009365056269658714,-384.1489634559519
NearestNeighbor,0.05,2000,24593.761799999993,32409.817555384612,0.00669764013292448,-404.6146800154155
GeneticAlgorithm,0.05,2000,12258.8412,14467.532465750466,0.003736486582501959,-395.2377171253785
MAPPO_zeroshot,0.05,2001,6557.740899999999,7358.131243984984,0.009932841161210876,-376.02822840233705
NearestNeighbor,0.05,2001,24593.761799999993,32409.817555384612,0.006391740681072479,-407.2894738710377
GeneticAlgorithm,0.05,2001,13893.502600000022,25767.34714855722,0.0023067384222662064,-409.02901418908806
MAPPO_zeroshot,0.05,2002,6858.4491,8283.725436314871,0.006955500507600673,-404.4589824508216
NearestNeighbor,0.05,2002,24593.761799999993,32409.817555384612,0.0060275256110335846,-425.9404639788296
GeneticAlgorithm,0.05,2002,17823.056300000015,23092.27907423919,0.001973962744331017,-431.66163526494796
MAPPO_zeroshot,0.05,2003,5999.843900000001,6438.152998887117,0.010682377178616833,-385.34851140928924
NearestNeighbor,0.05,2003,24593.761799999993,32409.817555384612,0.006227210774910404,-420.62299681199767
GeneticAlgorithm,0.05,2003,37455.85110000002,50708.26920373576,0.003831148461414602,-435.6232461379361
MAPPO_zeroshot,0.05,2004,14433.945900000004,18359.744564428416,0.008618258535884533,-407.31094287826846
NearestNeighbor,0.05,2004,24593.761799999993,32409.817555384612,0.0061635501807517385,-423.91988042760835
GeneticAlgorithm,0.05,2004,19748.725900000023,29778.066486622025,0.0035809587949612643,-422.47288053203437
MAPPO_zeroshot,0.05,2005,7028.6929,7968.539989158348,0.008525501402238213,-402.6731018974714
NearestNeighbor,0.05,2005,24593.761799999993,32409.817555384612,0.006128346625250087,-427.9784846314887
GeneticAlgorithm,0.05,2005,13352.317799999983,13870.101009999971,0.001043120523594315,-431.46949225146864
MAPPO_zeroshot,0.05,2006,5069.261399999999,5475.511698887117,0.009598405896994195,-373.604870980387
NearestNeighbor,0.05,2006,24593.761799999993,32409.817555384612,0.006535547686746587,-406.5215969139187
GeneticAlgorithm,0.05,2006,31877.788399999965,35801.73994798459,0.002966335401806113,-420.94432494162226
MAPPO_zeroshot,0.05,2007,6514.268399999999,7105.597199158347,0.010703546937240674,-360.99152055177836
NearestNeighbor,0.05,2007,24593.761799999993,32409.817555384612,0.006534730212143982,-391.70876886352994
GeneticAlgorithm,0.05,2007,19308.460800000008,27930.729075687188,0.003584522411442146,-390.213324063143
MAPPO_zeroshot,0.05,2008,7444.8508999999995,8375.860849158347,0.010676910253018644,-375.11492150575305
NearestNeighbor,0.05,2008,24593.761799999993,32409.817555384612,0.006518467981861617,-405.8098605986723
GeneticAlgorithm,0.05,2008,18564.574999999997,26717.24029037092,0.002437564131249569,-410.09808307800915
MAPPO_zeroshot,0.05,2009,7290.987900000001,8622.52243071005,0.0075531980790802585,-390.5981559364102
NearestNeighbor,0.05,2009,24593.761799999993,32409.817555384612,0.006287686881606335,-418.3090435728804
GeneticAlgorithm,0.05,2009,27456.972700000006,38707.57452934699,0.00366268423142538,-423.0390507103254
MAPPO_zeroshot,0.05,2010,7861.0089,8800.183870304392,0.01186014995473921,-382.86498314400785
NearestNeighbor,0.05,2010,24593.761799999993,32409.817555384612,0.0063811122820070666,-416.0875395939606
GeneticAlgorithm,0.05,2010,16267.031500000017,18334.539054032848,0.0036045708333268334,-408.41465642317723
MAPPO_zeroshot,0.05,2011,7861.0089,8800.183870304392,0.011738849235841163,-372.70443153289386
NearestNeighbor,0.05,2011,24593.761799999993,32409.817555384612,0.006315848899154289,-407.08191220531717
GeneticAlgorithm,0.05,2011,11659.9817,13764.820417992842,0.0012507288273379544,-409.1813369894298
MAPPO_zeroshot,0.05,2012,7861.0089,8800.183870304392,0.012203735407595543,-370.5422851995353
NearestNeighbor,0.05,2012,24593.761799999993,32409.817555384612,0.006565971441586954,-403.5942881552441
GeneticAlgorithm,0.05,2012,25980.67870000001,35127.965513003706,0.002252619968823201,-416.12847068968927
MAPPO_zeroshot,0.05,2013,6763.885899999999,7266.700333282858,0.010436404122790562,-401.23201906372043
NearestNeighbor,0.05,2013,24593.761799999993,32409.817555384612,0.0061937452746967546,-434.80678844026795
GeneticAlgorithm,0.05,2013,14164.226199999966,16924.182997971442,0.003424628754282324,-427.88633107794
MAPPO_zeroshot,0.05,2014,10967.384900000001,13184.189927283438,0.010606811382647097,-363.54178463302094
NearestNeighbor,0.05,2014,24593.761799999993,32409.817555384612,0.006475671214701811,-390.21887482115204
GeneticAlgorithm,0.05,2014,19637.88580000003,25165.865386145728,0.0036695242225326936,-387.7498067659498
MAPPO_zeroshot,0.1,2000,10354.4429,12791.141718753532,0.009365056269658714,-384.99752750114345
NearestNeighbor,0.1,2000,24593.761799999993,32409.817555384612,0.00669764013292448,-407.5037217441786
GeneticAlgorithm,0.1,2000,12258.8412,14467.532465750466,0.003736486582501959,-397.3531493745114
MAPPO_zeroshot,0.1,2001,6506.674499999999,7305.539483984985,0.009932841161210876,-375.78097938100376
NearestNeighbor,0.1,2001,24593.761799999993,32409.817555384612,0.006391740681072479,-410.17401323211027
GeneticAlgorithm,0.1,2001,13893.502600000022,25767.34714855722,0.0023067384222662064,-410.8240755975405
MAPPO_zeroshot,0.1,2002,6769.911899999999,8171.578316314871,0.006955500507600673,-404.40404981104257
NearestNeighbor,0.1,2002,24593.761799999993,32409.817555384612,0.0060275256110335846,-428.0726733404307
GeneticAlgorithm,0.1,2002,17823.056300000015,23092.27907423919,0.001973962744331017,-434.25537911514147
MAPPO_zeroshot,0.1,2003,5999.843900000001,6438.152998887117,0.010682377178616833,-385.6742086830132
NearestNeighbor,0.1,2003,24593.761799999993,32409.817555384612,0.006227210774910404,-424.02310915658927
GeneticAlgorithm,0.1,2003,37455.85110000002,50708.26920373576,0.003831148461414602,-440.1284892572041
MAPPO_zeroshot,0.1,2004,14433.945900000004,18359.744564428416,0.008618258535884533,-407.48084204974367
NearestNeighbor,0.1,2004,24593.761799999993,32409.817555384612,0.0061635501807517385,-426.10715493506655
GeneticAlgorithm,0.1,2004,19748.725900000023,29778.066486622025,0.0035809587949612643,-424.2191842920701
MAPPO_zeroshot,0.1,2005,7028.6929,7968.539989158348,0.008525501402238213,-403.0573541424701
NearestNeighbor,0.1,2005,24593.761799999993,32409.817555384612,0.006128346625250087,-429.70031046625513
GeneticAlgorithm,0.1,2005,13352.317799999983,13870.101009999971,0.001043120523594315,-432.48814082948445
MAPPO_zeroshot,0.1,2006,5069.261399999999,5475.511698887117,0.009598405896994195,-373.6866991838921
NearestNeighbor,0.1,2006,24593.761799999993,32409.817555384612,0.006535547686746587,-408.5012619308867
GeneticAlgorithm,0.1,2006,31877.788399999965,35801.73994798459,0.002966335401806113,-423.87079730344124
MAPPO_zeroshot,0.1,2007,6514.268399999999,7105.597199158347,0.010703546937240674,-361.2920283980172
NearestNeighbor,0.1,2007,24593.761799999993,32409.817555384612,0.006534730212143982,-394.4030856193811
GeneticAlgorithm,0.1,2007,19308.460800000008,27930.729075687188,0.003584522411442146,-393.2171077047805
MAPPO_zeroshot,0.1,2008,7444.8508999999995,8375.860849158347,0.010676910253018644,-375.70479003164354
NearestNeighbor,0.1,2008,24593.761799999993,32409.817555384612,0.006518467981861617,-407.99606779855907
GeneticAlgorithm,0.1,2008,18564.574999999997,26717.24029037092,0.002437564131249569,-411.9128957101007
MAPPO_zeroshot,0.1,2009,7290.987900000001,8622.52243071005,0.0075531980790802585,-391.48530419778837
NearestNeighbor,0.1,2009,24593.761799999993,32409.817555384612,0.006287686881606335,-422.8546563759954
GeneticAlgorithm,0.1,2009,27456.972700000006,38707.57452934699,0.00366268423142538,-425.5171351933686
MAPPO_zeroshot,0.1,2010,7861.0089,8800.183870304392,0.01186014995473921,-383.51662616024186
NearestNeighbor,0.1,2010,24593.761799999993,32409.817555384612,0.0063811122820070666,-418.1535381548044
GeneticAlgorithm,0.1,2010,16267.031500000017,18334.539054032848,0.0036045708333268334,-409.99786323226454
MAPPO_zeroshot,0.1,2011,7861.0089,8800.183870304392,0.011738849235841163,-373.05925043331183
NearestNeighbor,0.1,2011,24593.761799999993,32409.817555384612,0.006315848899154289,-409.18550417273116
GeneticAlgorithm,0.1,2011,11659.9817,13764.820417992842,0.0012507288273379544,-410.41584356035156
MAPPO_zeroshot,0.1,2012,7861.0089,8800.183870304392,0.012203735407595543,-370.9655549199598
NearestNeighbor,0.1,2012,24593.761799999993,32409.817555384612,0.006565971441586954,-406.5457688819872
GeneticAlgorithm,0.1,2012,25980.67870000001,35127.965513003706,0.002252619968823201,-418.8338721038553
MAPPO_zeroshot,0.1,2013,6763.885899999999,7266.700333282858,0.010436404122790562,-401.5228444460254
NearestNeighbor,0.1,2013,24593.761799999993,32409.817555384612,0.0061937452746967546,-436.10141934257035
GeneticAlgorithm,0.1,2013,14164.226199999966,16924.182997971442,0.003424628754282324,-429.60828011675005
MAPPO_zeroshot,0.1,2014,10967.384900000001,13184.189927283438,0.010606811382647097,-364.0071213106829
NearestNeighbor,0.1,2014,24593.761799999993,32409.817555384612,0.006475671214701811,-392.4037997566536
GeneticAlgorithm,0.1,2014,19637.88580000003,25165.865386145728,0.0036695242225326936,-391.0351166070982
MAPPO_zeroshot,0.15,2000,10354.4429,12791.141718753532,0.009365056269658714,-387.13401214432696
NearestNeighbor,0.15,2000,24593.761799999993,32409.817555384612,0.00669764013292448,-411.1052539235838
GeneticAlgorithm,0.15,2000,12258.8412,14467.532465750466,0.003736486582501959,-399.54228385207495
MAPPO_zeroshot,0.15,2001,6506.674499999999,7305.539483984985,0.009932841161210876,-376.1034471997721
NearestNeighbor,0.15,2001,24593.761799999993,32409.817555384612,0.006391740681072479,-412.7745433492784
GeneticAlgorithm,0.15,2001,13893.502600000022,25767.34714855722,0.0023067384222662064,-413.6957496889653
MAPPO_zeroshot,0.15,2002,6769.911899999999,8171.578316314871,0.006955500507600673,-405.1219305989443
NearestNeighbor,0.15,2002,24593.761799999993,32409.817555384612,0.0060275256110335846,-432.33573457618854
GeneticAlgorithm,0.15,2002,17823.056300000015,23092.27907423919,0.001973962744331017,-435.98562316399585
MAPPO_zeroshot,0.15,2003,5999.843900000001,6438.152998887117,0.010682377178616833,-386.13528234469044
NearestNeighbor,0.15,2003,24593.761799999993,32409.817555384612,0.006227210774910404,-427.1144076357498
GeneticAlgorithm,0.15,2003,37455.85110000002,50708.26920373576,0.003831148461414602,-445.60228855126746
MAPPO_zeroshot,0.15,2004,14433.945900000004,18359.744564428416,0.008618258535884533,-409.54356659165717
NearestNeighbor,0.15,2004,24593.761799999993,32409.817555384612,0.0061635501807517385,-431.01975489640205
GeneticAlgorithm,0.15,2004,19748.725900000023,29778.066486622025,0.0035809587949612643,-427.92201292061105
MAPPO_zeroshot,0.15,2005,7028.6929,7968.539989158348,0.008525501402238213,-403.4109971883712
NearestNeighbor,0.15,2005,24593.761799999993,32409.817555384612,0.006128346625250087,-434.0993780077524
GeneticAlgorithm,0.15,2005,13352.317799999983,13870.101009999971,0.001043120523594315,-434.316262691148
MAPPO_zeroshot,0.15,2006,5069.261399999999,5475.511698887117,0.009598405896994195,-373.85571890456237
NearestNeighbor,0.15,2006,24593.761799999993,32409.817555384612,0.006535547686746587,-412.279258507633
GeneticAlgorithm,0.15,2006,31877.788399999965,35801.73994798459,0.002966335401806113,-427.31893040421846
MAPPO_zeroshot,0.15,2007,6423.805399999998,6993.955127741073,0.010565402145277177,-361.6803778338759
NearestNeighbor,0.15,2007,24593.761799999993,32409.817555384612,0.006534730212143982,-397.5802155104924
GeneticAlgorithm,0.15,2007,19308.460800000008,27930.729075687188,0.003584522411442146,-397.194750988317
MAPPO_zeroshot,0.15,2008,7444.8508999999995,8375.860849158347,0.010676910253018644,-376.1086544356037
NearestNeighbor,0.15,2008,24593.761799999993,32409.817555384612,0.006518467981861617,-411.77545280970395
GeneticAlgorithm,0.15,2008,18564.574999999997,26717.24029037092,0.002437564131249569,-414.69519582426045
MAPPO_zeroshot,0.15,2009,7290.987900000001,8622.52243071005,0.0075531980790802585,-392.1270522208514
NearestNeighbor,0.15,2009,24593.761799999993,32409.817555384612,0.006287686881606335,-426.80424259949535
GeneticAlgorithm,0.15,2009,27456.972700000006,38707.57452934699,0.00366268423142538,-429.53538843036296
MAPPO_zeroshot,0.15,2010,7861.0089,8800.183870304392,0.01186014995473921,-384.1257696480047
NearestNeighbor,0.15,2010,24593.761799999993,32409.817555384612,0.0063811122820070666,-423.7405741281886
GeneticAlgorithm,0.15,2010,16267.031500000017,18334.539054032848,0.0036045708333268334,-412.64467895574404
MAPPO_zeroshot,0.15,2011,7861.0089,8800.183870304392,0.011738849235841163,-373.66471470154823
NearestNeighbor,0.15,2011,24593.761799999993,32409.817555384612,0.006315848899154289,-411.89631788053674
GeneticAlgorithm,0.15,2011,11659.9817,13764.820417992842,0.0012507288273379544,-412.0379005355039
MAPPO_zeroshot,0.15,2012,7770.5459,8662.190720304392,0.012203735407595543,-371.93939805639326
NearestNeighbor,0.15,2012,24593.761799999993,32409.817555384612,0.006565971441586954,-410.04963703804015
GeneticAlgorithm,0.15,2012,25980.67870000001,35127.965513003706,0.002252619968823201,-422.97911451030274
MAPPO_zeroshot,0.15,2013,6763.885899999999,7266.700333282858,0.010436404122790562,-401.81610113980224
NearestNeighbor,0.15,2013,24593.761799999993,32409.817555384612,0.0061937452746967546,-439.9079518381076
GeneticAlgorithm,0.15,2013,14164.226199999966,16924.182997971442,0.003424628754282324,-431.3896711866735
MAPPO_zeroshot,0.15,2014,10967.384900000001,13184.189927283438,0.010606811382647097,-365.18209518747847
NearestNeighbor,0.15,2014,24593.761799999993,32409.817555384612,0.006475671214701811,-395.93006898058104
GeneticAlgorithm,0.15,2014,19637.88580000003,25165.865386145728,0.0036695242225326936,-394.5407977502843
MAPPO_zeroshot,0.2,2000,10354.4429,12791.141718753532,0.009365056269658714,-387.77463687296466
NearestNeighbor,0.2,2000,24593.761799999993,32409.817555384612,0.00669764013292448,-414.6741037806378
GeneticAlgorithm,0.2,2000,12258.8412,14467.532465750466,0.003736486582501959,-401.84372032735484
MAPPO_zeroshot,0.2,2001,6451.6289,7240.579043984984,0.009932841161210876,-376.65231795778146
NearestNeighbor,0.2,2001,24593.761799999993,32409.817555384612,0.006391740681072479,-418.2338254703169
GeneticAlgorithm,0.2,2001,13893.502600000022,25767.34714855722,0.0023067384222662064,-417.7537546065393
MAPPO_zeroshot,0.2,2002,6769.911899999999,8171.578316314871,0.006955500507600673,-406.2714739489301
NearestNeighbor,0.2,2002,24593.761799999993,32409.817555384612,0.0060275256110335846,-436.4632322222729
GeneticAlgorithm,0.2,2002,17823.056300000015,23092.27907423919,0.001973962744331017,-439.5708072367189
MAPPO_zeroshot,0.2,2003,5999.843900000001,6438.152998887117,0.010682377178616833,-386.60625090339715
NearestNeighbor,0.2,2003,24593.761799999993,32409.817555384612,0.006227210774910404,-432.35634425145435
GeneticAlgorithm,0.2,2003,37455.85110000002,50708.26920373576,0.003831148461414602,-449.63204917855893
MAPPO_zeroshot,0.2,2004,14203.152300000003,18055.667364428416,0.008618258535884533,-412.9541066454079
NearestNeighbor,0.2,2004,24593.761799999993,32409.817555384612,0.0061635501807517385,-434.7644069026229
GeneticAlgorithm,0.2,2004,19748.725900000023,29778.066486622025,0.0035809587949612643,-431.3725665525615
MAPPO_zeroshot,0.2,2005,7028.6929,7968.539989158348,0.008525501402238213,-404.3191860586338
NearestNeighbor,0.2,2005,24593.761799999993,32409.817555384612,0.006128346625250087,-437.277166316594
GeneticAlgorithm,0.2,2005,13352.317799999983,13870.101009999971,0.001043120523594315,-435.89186078079894
MAPPO_zeroshot,0.2,2006,5069.261399999999,5475.511698887117,0.009598405896994195,-374.0757497346966
NearestNeighbor,0.2,2006,24593.761799999993,32409.817555384612,0.006535547686746587,-418.37682905888613
GeneticAlgorithm,0.2,2006,31877.788399999965,35801.73994798459,0.002966335401806113,-432.077606027201
MAPPO_zeroshot,0.2,2007,6309.614399999999,6876.353227741072,0.010565402145277177,-362.2314765923163
NearestNeighbor,0.2,2007,24593.761799999993,32409.817555384612,0.006534730212143982,-402.3444579448092
GeneticAlgorithm,0.2,2007,19308.460800000008,27930.729075687188,0.003584522411442146,-400.1448899095432
MAPPO_zeroshot,0.2,2008,7444.8508999999995,8375.860849158347,0.010676910253018644,-376.61961729562086
NearestNeighbor,0.2,2008,24593.761799999993,32409.817555384612,0.006518467981861617,-415.78989024044245
GeneticAlgorithm,0.2,2008,18564.574999999997,26717.24029037092,0.002437564131249569,-418.7590018655238
MAPPO_zeroshot,0.2,2009,7290.987900000001,8622.52243071005,0.0075531980790802585,-392.4965768126777
NearestNeighbor,0.2,2009,24593.761799999993,32409.817555384612,0.006287686881606335,-430.678922644746
GeneticAlgorithm,0.2,2009,27456.972700000006,38707.57452934699,0.00366268423142538,-433.8433353034664
MAPPO_zeroshot,0.2,2010,7861.0089,8800.183870304392,0.01186014995473921,-385.0352461124362
NearestNeighbor,0.2,2010,24593.761799999993,32409.817555384612,0.0063811122820070666,-426.7366031312023
GeneticAlgorithm,0.2,2010,16267.031500000017,18334.539054032848,0.0036045708333268334,-415.3087512359328
MAPPO_zeroshot,0.2,2011,7861.0089,8800.183870304392,0.011738849235841163,-374.120837448006
NearestNeighbor,0.2,2011,24593.761799999993,32409.817555384612,0.006315848899154289,-415.8319654383476
GeneticAlgorithm,0.2,2011,11659.9817,13764.820417992842,0.0012507288273379544,-414.37277960172025
MAPPO_zeroshot,0.2,2012,7770.5459,8662.190720304392,0.012203735407595543,-372.74743725390067
NearestNeighbor,0.2,2012,24593.761799999993,32409.817555384612,0.006565971441586954,-413.3468582718728
GeneticAlgorithm,0.2,2012,25980.67870000001,35127.965513003706,0.002252619968823201,-427.6378951970339
MAPPO_zeroshot,0.2,2013,6654.885399999999,7173.620583282857,0.0102290762825155,-402.2756575615751
NearestNeighbor,0.2,2013,24593.761799999993,32409.817555384612,0.0061937452746967546,-443.6027193073206
GeneticAlgorithm,0.2,2013,14164.226199999966,16924.182997971442,0.003424628754282324,-433.74137853618555
MAPPO_zeroshot,0.2,2014,10967.384900000001,13184.189927283438,0.010606811382647097,-366.7622778059864
NearestNeighbor,0.2,2014,24593.761799999993,32409.817555384612,0.006475671214701811,-398.6338798202322
GeneticAlgorithm,0.2,2014,19637.88580000003,25165.865386145728,0.0036695242225326936,-398.1677264427843
