algorithm,scenario,seed,total_cost,total_emission,service_level,total_reward,total_time,total_delivered,runtime
MAPPO,S1_SMALL,1000,4768.554199999999,5427.223842290125,0.10337553002658595,-190.4064438513063,95.82515487615075,1160.9437890414779,0.3357241153717041
NearestNeighbor,S1_SMALL,1000,6006.7957,6473.603672230549,0.11838497565829725,-226.83355376949496,120.89028923818962,1389.4999862716068,0.056246280670166016
ClarkeWright,S1_SMALL,1000,5996.6078,6097.574281308158,0.02639851398183181,-267.5966102215497,116.58749219053297,247.41984152676397,0.05402636528015137
GeneticAlgorithm,S1_SMALL,1000,354.09730000000013,401.9396097889465,0.0034804521712257872,-257.09859739547875,6.148235009846864,17.599999868869784,0.18045997619628906
MAPPO,S1_SMALL,1001,4591.339199999999,4927.5806770814415,0.12278542877438506,-164.31124465204005,93.68160589501407,1317.043789041478,0.15212321281433105
NearestNeighbor,S1_SMALL,1001,6006.7957,6473.603672230549,0.12722370568335567,-206.09530920327438,122.04743739926374,1389.4999862716068,0.055640459060668945
ClarkeWright,S1_SMALL,1001,5996.6078,6097.574281308158,0.028369451061055286,-246.7161552504611,115.9566074023237,247.41984152676397,0.05471992492675781
GeneticAlgorithm,S1_SMALL,1001,1444.4166000000002,2039.420513885618,0.022159299485456984,-226.03126988500694,32.144256634566105,207.31984182553228,0.17424416542053223
MAPPO,S1_SMALL,1002,4617.716499999999,4970.996276139595,0.11969058204847036,-170.63288983718917,93.21420188273328,1292.5437889139334,0.11550402641296387
NearestNeighbor,S1_SMALL,1002,6006.7957,6473.603672230549,0.12401699075376052,-210.5466190636628,120.86206633394066,1389.4999862716068,0.05659079551696777
ClarkeWright,S1_SMALL,1002,5996.6078,6097.574281308158,0.02765438980911944,-251.24641670808535,115.65657950067428,247.41984152676397,0.05415081977844238
GeneticAlgorithm,S1_SMALL,1002,1444.4166000000002,2039.420513885618,0.02160076712619533,-230.587668332211,32.03326954401693,207.31984182553228,0.17671823501586914
MAPPO,S1_SMALL,1003,4691.159699999998,5172.841033380475,0.11340415401633538,-181.74411147386448,95.19018861796324,1267.6437885101118,0.11661553382873535
NearestNeighbor,S1_SMALL,1003,6006.7957,6473.603672230549,0.11965920509919284,-221.6410291311568,120.70518787280363,1389.4999862716068,0.05658555030822754
ClarkeWright,S1_SMALL,1003,5996.6078,6097.574281308158,0.0266826527716098,-262.32230703041984,115.23542819890848,247.41984152676397,0.05480504035949707
GeneticAlgorithm,S1_SMALL,1003,1983.4826000000025,1769.2145995767776,0.006459257412470071,-256.5350113608862,44.662940787173916,52.79999973773957,0.17288851737976074
MAPPO,S1_SMALL,1004,4834.525399999999,5132.304979982892,0.10955084841347165,-186.44656530474367,96.68115648923846,1268.6581666548364,0.11720037460327148
NearestNeighbor,S1_SMALL,1004,6006.7957,6473.603672230549,0.12365569977260396,-211.9491959357412,121.01828931040902,1389.4999862716068,0.057718515396118164
ClarkeWright,S1_SMALL,1004,5996.6078,6097.574281308158,0.027573825996316758,-252.5409224388259,114.31520579565881,247.41984152676397,0.05536055564880371
GeneticAlgorithm,S1_SMALL,1004,231.41270000000011,352.4386000000001,0.003635408528025386,-241.86148156740148,5.3577554645152485,24.5,0.17492341995239258
MAPPO,S1_SMALL,1005,4700.577199999998,4968.2142996344755,0.12098266539177165,-184.43096490875325,95.08809078918708,1316.0581661963927,0.11772441864013672
NearestNeighbor,S1_SMALL,1005,6006.7957,6473.603672230549,0.12325863083211189,-220.1862187302888,120.41558210472333,1389.4999862716068,0.05704236030578613
ClarkeWright,S1_SMALL,1005,5996.6078,6097.574281308158,0.027485284102219933,-260.9213469213962,115.7608059152594,247.41984152676397,0.054491281509399414
GeneticAlgorithm,S1_SMALL,1005,366.41770000000014,459.55229970620326,0.0057325592684721455,-248.48002203155684,7.49385040779573,48.999999817460775,0.18648433685302734
MAPPO,S1_SMALL,1006,4773.0311999999985,5132.043809982893,0.1113977621140095,-197.3822616867233,97.3476295511079,1251.0581666548362,0.11870503425598145
NearestNeighbor,S1_SMALL,1006,6006.7957,6473.603672230549,0.12121165903199105,-225.63327604801896,122.6354543298429,1389.4999862716068,0.056824445724487305
ClarkeWright,S1_SMALL,1006,5996.6078,6097.574281308158,0.02702883248422469,-266.31611091934707,117.36085609814938,247.41984152676397,0.05456233024597168
GeneticAlgorithm,S1_SMALL,1006,2742.2421999999965,1252.7519799999986,0.003563555094926586,-266.3592596029951,47.582439345458134,24.5,0.18131494522094727
MAPPO,S1_SMALL,1007,4649.280899999999,4892.826079634476,0.12455241187208013,-167.26715692810583,94.52242070243469,1316.058166196393,0.11873674392700195
NearestNeighbor,S1_SMALL,1007,6006.7957,6473.603672230549,0.12689553254985583,-203.32072005158597,120.71931236468193,1389.4999862716068,0.0568232536315918
ClarkeWright,S1_SMALL,1007,5996.6078,6097.574281308158,0.028296272154652417,-244.02780012347554,115.73838393161523,247.41984152676397,0.05437445640563965
GeneticAlgorithm,S1_SMALL,1007,1816.5321999999994,1765.766139401236,0.012521186368924775,-235.57468902404088,47.25852261587069,123.69999962896108,0.1890428066253662
MAPPO,S1_SMALL,1008,4699.9511999999995,5236.730175582776,0.10765852374333487,-187.13439106745076,95.94325836725736,1227.543789041478,0.13619470596313477
NearestNeighbor,S1_SMALL,1008,6006.7957,6473.603672230549,0.11927410566379185,-226.45755345040965,120.21085178485356,1389.4999862716068,0.05696535110473633
ClarkeWright,S1_SMALL,1008,5996.6078,6097.574281308158,0.026596779942111612,-267.2069099855342,115.71255982447985,247.41984152676397,0.05451154708862305
GeneticAlgorithm,S1_SMALL,1008,2741.4880999999978,1262.7696494108536,0.009461968222375185,-261.77249115419806,45.182998341349155,91.09999963492155,0.18574786186218262
MAPPO,S1_SMALL,1009,4674.923999999999,5192.09877143499,0.1170342310029952,-174.64201120049722,95.02738987322014,1382.043787707824,0.12192440032958984
NearestNeighbor,S1_SMALL,1009,6006.7957,6473.603672230549,0.12126462173072859,-212.90890220595975,121.69004806536053,1389.4999862716068,0.05642199516296387
ClarkeWright,S1_SMALL,1009,5996.6078,6097.574281308158,0.027040642568530723,-253.47538559327526,114.58219502142404,247.41984152676397,0.05466747283935547
GeneticAlgorithm,S1_SMALL,1009,1463.7943,2029.6692238856178,0.021121370860004315,-233.0348764941514,32.41296617989805,207.31984182553228,0.17653822898864746
MAPPO,S1_SMALL,1010,4810.657399999998,5100.742469887517,0.10815154249119711,-202.53634283782026,96.7293157643203,1251.0581665293405,0.14123821258544922
NearestNeighbor,S1_SMALL,1010,6006.7957,6473.603672230549,0.1193112999883716,-229.314899567539,120.85595935236566,1389.4999862716068,0.055481910705566406
ClarkeWright,S1_SMALL,1010,5996.6078,6097.574281308158,0.026605073856876413,-269.5950643694742,114.70487177978646,247.41984152676397,0.053963422775268555
GeneticAlgorithm,S1_SMALL,1010,3763.6636999999964,3434.147183296469,0.0269383456563061,-257.5938059449913,74.32225788130809,280.81984146045374,0.1875782012939453
MAPPO,S1_SMALL,1011,4899.615299999999,5284.192729982893,0.10668995274093195,-196.65419399551473,98.99874377879094,1137.0581666548362,0.1536083221435547
NearestNeighbor,S1_SMALL,1011,6006.7957,6473.603672230549,0.12455993931720309,-215.05563260395007,121.91203452494615,1389.4999862716068,0.05548906326293945
ClarkeWright,S1_SMALL,1011,5996.6078,6097.574281308158,0.02777546121335692,-255.6770140029899,115.70820418276357,247.41984152676397,0.052999019622802734
GeneticAlgorithm,S1_SMALL,1011,231.41270000000011,352.4386000000001,0.003661992665740263,-244.88935857810716,5.331411857705361,24.5,0.1751251220703125
MAPPO,S1_SMALL,1012,4656.9695999999985,4959.1719357085885,0.12083331182862096,-181.56186917364465,94.87582496956405,1339.9437887312436,0.11559247970581055
NearestNeighbor,S1_SMALL,1012,6006.7957,6473.603672230549,0.12298522670617293,-222.27200054804746,121.13891043189184,1389.4999862716068,0.053968191146850586
ClarkeWright,S1_SMALL,1012,5996.6078,6097.574281308158,0.027424318066615876,-262.96411703903226,115.94445486885724,247.41984152676397,0.05125737190246582
GeneticAlgorithm,S1_SMALL,1012,1983.4826000000025,1769.2145995767776,0.006638797546480724,-257.1317007733337,44.783053340216796,52.79999973773957,0.16152191162109375
MAPPO,S1_SMALL,1013,4700.577199999998,4968.2142996344755,0.11906789043755368,-186.9838910204319,94.78237682099909,1316.0581661963927,0.1197659969329834
NearestNeighbor,S1_SMALL,1013,6006.7957,6473.603672230549,0.12130783450567739,-222.80722162549637,120.90929276130464,1389.4999862716068,0.05401349067687988
ClarkeWright,S1_SMALL,1013,5996.6078,6097.574281308158,0.027050278529824928,-263.5585532856188,116.55982511907354,247.41984152676397,0.05168581008911133
GeneticAlgorithm,S1_SMALL,1013,3763.6636999999964,3434.147183296469,0.02738912724151065,-251.5211400849118,75.69938697032971,280.81984146045374,0.17865657806396484
MAPPO,S1_SMALL,1014,4716.726799999999,5039.596091859295,0.1113735567349205,-183.15337586341428,95.37805115746863,1326.778008112077,0.15380406379699707
NearestNeighbor,S1_SMALL,1014,6006.7957,6473.603672230549,0.11863250566281672,-218.0647648607488,123.20559102453299,1389.4999862716068,0.05390143394470215
ClarkeWright,S1_SMALL,1014,5996.6078,6097.574281308158,0.026453710380266435,-258.65476296058387,116.55392765022108,247.41984152676397,0.05135798454284668
GeneticAlgorithm,S1_SMALL,1014,4342.975299999999,3063.430163344565,0.02625488496066974,-248.52250056469595,75.70981801318429,274.8198414902561,0.18059682846069336
MAPPO,S1_SMALL,1015,4710.849299999999,5094.640175789987,0.11297770105033729,-188.98546486583527,95.61703620337954,1292.5437888485435,0.12109565734863281
NearestNeighbor,S1_SMALL,1015,6006.7957,6473.603672230549,0.11706146187449996,-229.08618638372985,121.37758208297303,1389.4999862716068,0.05403947830200195
ClarkeWright,S1_SMALL,1015,5996.6078,6097.574281308158,0.026103385339599654,-269.67445801340165,114.79143896798539,247.41984152676397,0.05173850059509277
GeneticAlgorithm,S1_SMALL,1015,3524.089699999998,3520.612903286855,0.02649577013969921,-256.9402034668155,74.66296953138456,282.0198414544933,0.1804201602935791
MAPPO,S1_SMALL,1016,4810.657399999998,5100.742469887517,0.11206483585971118,-194.8681625522458,96.86121764337271,1251.0581665293405,0.11658620834350586
NearestNeighbor,S1_SMALL,1016,6006.7957,6473.603672230549,0.12362839161997075,-221.30044522777266,120.82859755644381,1389.4999862716068,0.05453300476074219
ClarkeWright,S1_SMALL,1016,5996.6078,6097.574281308158,0.027567736586363488,-262.0137510462405,116.0180793971899,247.41984152676397,0.05241250991821289
GeneticAlgorithm,S1_SMALL,1016,370.6823000000001,441.61471000000057,0.0036346056835862566,-251.72178656051256,6.70080588359541,17.6,0.17363262176513672
MAPPO,S1_SMALL,1017,4886.462299999998,5233.190599982892,0.11133463412607696,-198.29993045073957,98.29329864103416,1184.4581666548363,0.14583134651184082
NearestNeighbor,S1_SMALL,1017,6006.7957,6473.603672230549,0.1251463342031453,-218.9124968787242,120.64964297014349,1389.4999862716068,0.05363917350769043
ClarkeWright,S1_SMALL,1017,5996.6078,6097.574281308158,0.02790622065735892,-259.54267570996,114.40544392866362,247.41984152676397,0.0515596866607666
GeneticAlgorithm,S1_SMALL,1017,2052.112599999999,2185.472093885619,0.023763807080698036,-243.17743726588293,34.8240666688471,229.81984182553225,0.17940092086791992
MAPPO,S1_SMALL,1018,4721.169599999998,5111.50707553401,0.10830513469901136,-186.41198580946053,95.84801274393239,1292.5437888485435,0.1450941562652588
NearestNeighbor,S1_SMALL,1018,6006.7957,6473.603672230549,0.11775838636628548,-227.45231320804362,121.00869054202317,1389.4999862716068,0.054120540618896484
ClarkeWright,S1_SMALL,1018,5996.6078,6097.574281308158,0.026258791638735443,-268.0382118757979,116.6157862220634,247.41984152676397,0.051522254943847656
GeneticAlgorithm,S1_SMALL,1018,2028.048699999999,2164.890603885619,0.020510669268737826,-252.9917513743945,34.907896531328426,207.31984182553225,0.17991161346435547
MAPPO,S1_SMALL,1019,4679.127599999999,5207.270797332836,0.10921914216051126,-181.18308607596444,94.22395709423468,1227.543789041478,0.1142125129699707
NearestNeighbor,S1_SMALL,1019,6006.7957,6473.603672230549,0.12100310360579354,-221.99712548356896,122.73627685473701,1389.4999862716068,0.05330157279968262
ClarkeWright,S1_SMALL,1019,5996.6078,6097.574281308158,0.026982326977051954,-262.54739959448756,115.46970071443843,247.41984152676397,0.051551103591918945
GeneticAlgorithm,S1_SMALL,1019,2068.193499999997,2153.0831636745615,0.02446424563438564,-242.99878873799685,35.966383712271735,242.51984169440203,0.1760709285736084
MAPPO,S1_SMALL,1020,4684.801999999999,5056.482715657139,0.1155454373692712,-179.0106766861435,94.67085733338146,1292.543789041478,0.11978793144226074
NearestNeighbor,S1_SMALL,1020,6006.7957,6473.603672230549,0.11972201313833297,-218.21805296188228,121.84294501682102,1389.4999862716068,0.05391573905944824
ClarkeWright,S1_SMALL,1020,5996.6078,6097.574281308158,0.026696658255753545,-258.86639780402237,115.9916241818575,247.41984152676397,0.052593231201171875
GeneticAlgorithm,S1_SMALL,1020,1348.1281999999987,2524.3119638856156,0.022934444157362253,-240.21068400049649,34.944055929784376,231.81984182553222,0.1812267303466797
MAPPO,S1_SMALL,1021,4598.3836999999985,4930.775576305894,0.11938676391598972,-175.74339282645528,93.28574176143815,1292.5437888485435,0.1544187068939209
NearestNeighbor,S1_SMALL,1021,6006.7957,6473.603672230549,0.12370219063180216,-216.5338665883765,121.60581442677834,1389.4999862716068,0.05391645431518555
ClarkeWright,S1_SMALL,1021,5996.6078,6097.574281308158,0.02758419293342091,-257.2326090713321,116.505910365669,247.41984152676397,0.05302929878234863
GeneticAlgorithm,S1_SMALL,1021,2771.0721999999964,1225.7161797046501,0.0036367753175601644,-257.3359885608687,47.83595589937826,24.499999817460775,0.17642521858215332
MAPPO,S1_SMALL,1022,4647.335299999999,4991.195815535019,0.11388118036619362,-180.30562603883126,94.9054228472414,1339.9437888485436,0.11618900299072266
NearestNeighbor,S1_SMALL,1022,6006.7957,6473.603672230549,0.11951965335432463,-220.80638536957375,120.58595234733082,1389.4999862716068,0.055032968521118164
ClarkeWright,S1_SMALL,1022,5996.6078,6097.574281308158,0.026651534306892877,-261.458696417746,114.70284184404636,247.41984152676397,0.05294227600097656
GeneticAlgorithm,S1_SMALL,1022,1444.4166000000002,2039.420513885618,0.020817439476793823,-240.8621287262947,31.966837083170834,207.31984182553228,0.16646313667297363
MAPPO,S1_SMALL,1023,4752.700299999999,5087.762013544487,0.11257561754915656,-193.37532362064186,95.56028689812376,1272.4780083492383,0.11545801162719727
NearestNeighbor,S1_SMALL,1023,6006.7957,6473.603672230549,0.11836335222813249,-223.33070569988,122.09759969606631,1389.4999862716068,0.0534520149230957
ClarkeWright,S1_SMALL,1023,5996.6078,6097.574281308158,0.026393692200854777,-263.94448655821674,115.66467154518611,247.41984152676397,0.0516200065612793
GeneticAlgorithm,S1_SMALL,1023,2094.815199999997,2129.7743836745612,0.023930544231757306,-244.5861531053114,36.90580611099604,242.51984169440203,0.18160367012023926
MAPPO,S1_SMALL,1024,4626.375799999998,4967.340435710272,0.11797107266843351,-172.0071911862997,93.06554120759871,1335.0437888485435,0.1520671844482422
NearestNeighbor,S1_SMALL,1024,6006.7957,6473.603672230549,0.12223532694577219,-211.8422121740836,123.78920412093171,1389.4999862716068,0.053690433502197266
ClarkeWright,S1_SMALL,1024,5996.6078,6097.574281308158,0.027257098880230524,-252.33724360632186,115.89469673970514,247.41984152676397,0.05145740509033203
GeneticAlgorithm,S1_SMALL,1024,3889.298499999998,2939.824083296471,0.02739367467453327,-236.88447528586372,72.27154338950511,280.81984146045386,0.18427371978759766
MAPPO,S1_SMALL,1025,4773.0311999999985,5132.043809982893,0.1133880165437078,-189.50968354582082,96.69931023648238,1251.0581666548362,0.14041590690612793
NearestNeighbor,S1_SMALL,1025,6006.7957,6473.603672230549,0.1233772504832145,-217.87741323660725,124.08621486055833,1389.4999862716068,0.0545656681060791
ClarkeWright,S1_SMALL,1025,5996.6078,6097.574281308158,0.02751173494617927,-258.4430116066795,116.92046631752763,247.41984152676397,0.051448822021484375
GeneticAlgorithm,S1_SMALL,1025,2028.048699999999,2164.890603885619,0.02148933980868617,-243.36684631914167,34.80196651945994,207.31984182553225,0.17161130905151367
MAPPO,S1_SMALL,1026,4665.295699999999,5028.73816596484,0.11314668878891417,-182.73394821309932,94.67856088610598,1292.5437888485435,0.11505985260009766
NearestNeighbor,S1_SMALL,1026,6006.7957,6473.603672230549,0.11723655794684668,-223.24623441787566,122.60860224951789,1389.4999862716068,0.05395913124084473
ClarkeWright,S1_SMALL,1026,5996.6078,6097.574281308158,0.02614242978834234,-263.7426154164137,115.22740090692128,247.41984152676397,0.05304765701293945
GeneticAlgorithm,S1_SMALL,1026,315.9839000000001,352.61479000000054,0.003446689342588365,-253.2574270268889,5.2523565992467045,17.6,0.17463970184326172
MAPPO,S1_SMALL,1027,4582.567899999999,4887.980406282165,0.11255297950098415,-183.50459662887562,93.3568718527735,1310.1437888485434,0.128587007522583
NearestNeighbor,S1_SMALL,1027,6006.7957,6473.603672230549,0.11515491750736559,-224.63511270642252,125.15419389134841,1389.4999862716068,0.05494427680969238
ClarkeWright,S1_SMALL,1027,5996.6078,6097.574281308158,0.02567824745488971,-265.1062737810266,116.75102976133971,247.41984152676397,0.0520634651184082
GeneticAlgorithm,S1_SMALL,1027,1983.4826000000025,1769.2145995767776,0.006216113953584426,-259.2401762777448,45.0540568735988,52.79999973773957,0.17452335357666016
MAPPO,S1_SMALL,1028,4749.909299999998,5080.06742386851,0.11080204377684885,-190.3480786407203,96.79246925748396,1254.8780084803684,0.15309929847717285
NearestNeighbor,S1_SMALL,1028,6006.7957,6473.603672230549,0.11802374340520883,-220.25487688760822,122.03184849230679,1389.4999862716068,0.05399012565612793
ClarkeWright,S1_SMALL,1028,5996.6078,6097.574281308158,0.026317963264724714,-260.899875852119,116.04439610400073,247.41984152676397,0.051949262619018555
GeneticAlgorithm,S1_SMALL,1028,3746.459199999996,3455.7868332964686,0.026647638537258964,-248.73266359378977,74.85692845010183,280.81984146045374,0.1796092987060547
MAPPO,S1_SMALL,1029,4653.376899999998,4898.90327232456,0.1197801148225217,-190.69911118266134,94.41265754563557,1344.378008262672,0.11561369895935059
NearestNeighbor,S1_SMALL,1029,6006.7957,6473.603672230549,0.11962323275326905,-228.33226256330676,120.96218435395576,1389.4999862716068,0.054518938064575195
ClarkeWright,S1_SMALL,1029,5996.6078,6097.574281308158,0.026674631344300516,-269.0920107649233,116.61217927328954,247.41984152676397,0.052527427673339844
GeneticAlgorithm,S1_SMALL,1029,286.6237000000001,396.82413970620325,0.0035168562340075478,-258.334813311061,6.156765436045006,24.499999817460775,0.16560578346252441
